"Actividades administrativas y servicios auxiliares","Actividades artísticas recreativas y de entretenimiento","Actividades de los hogares como empleadores de personal doméstico","Actividades de organizaciones y organismos extraterritoriales","Actividades financieras y de seguros","Actividades inmobiliarias","Actividades profesionales, científicas y técnicas","Actividades sanitarias y de servicios sociales","Administración pública y defensa; seguridad social obligatoria","Agricultura, ganadería, silvicultura y pesca","Comercio al por mayores y al por menores; reparación de vehículos de motor y motocicletas","Construcción","Educación","Hostelería","Industria manufacturera","Industrias extractivas","Información y comunicaciones","Otros servicios","Sin actividad económica","Suministros de agua, actividades de saneamiento gestión de residuos y descontaminación","Suministros de energía eléctrica, gas, vapor y aire acondicionado","Transporte y almacenamiento"
"Analfabetos","Primaria","Secundaria","Universitario","FP",
"Menores de 25 años","Mayores de 25 años",
2017,"Abril",43428,51925,4124,6785,872,864,206,1024,5,6,152,267,264,440,1567,2546,716,2798,3543,4259,1139,810,5774,10859,9991,991,403,1088,6066,9543,2167,1192,51,12,566,458,904,2258,2830,4798,295,121,31,8,1762,798,123,44380,39702,6078,5070,5775,89578,95353
2017,"Marzo",45280,52661,4312,6966,924,849,197,1029,4,5,157,280,267,446,1620,2554,728,2807,3772,4426,1187,810,5958,11137,10630,979,404,1109,6270,9617,2226,1223,47,14,595,479,925,2238,2917,4756,311,118,29,8,1800,811,112,45384,41043,6258,5144,6025,91916,97941
2017,"Febrero",45060,51957,4302,6873,859,870,197,983,5,4,153,276,257,436,1619,2612,725,2747,3757,4423,1181,811,6012,11021,10813,976,409,1107,6084,9367,2261,1210,51,13,569,484,923,2231,2742,4601,298,113,29,9,1814,790,110,44926,40661,6186,5134,5667,91350,97017
2017,"Enero",45576,52375,4394,7013,871,892,194,952,5,5,159,281,265,430,1603,2621,744,2752,3713,4451,1208,795,6097,11098,10936,975,419,1112,6030,9440,2299,1221,54,14,587,482,933,2223,2872,4700,315,113,25,9,1853,796,116,45195,41049,6362,5229,6044,91907,97951
2016,"Diciembre",45148,51889,4253,6938,862,901,198,943,5,5,157,291,278,451,1587,2597,720,2708,3513,4222,1197,834,5984,10656,11077,1014,443,1181,5926,9458,2290,1230,55,16,598,497,922,2222,2880,4790,306,117,29,10,1868,808,108,44540,40747,6413,5229,5825,91212,97037
2016,"Noviembre",45519,53744,4296,7172,903,943,201,952,6,5,159,297,280,463,1615,2659,743,2810,3568,4396,1204,833,6010,11106,10762,1028,453,1230,5921,9594,2328,1283,49,15,614,507,959,2302,3182,5153,307,119,31,10,1928,867,111,45521,41419,6765,5447,6983,92280,99263
2016,"Octubre",44875,53399,4185,7105,892,947,193,941,5,3,161,299,264,447,1624,2667,719,2762,3597,4415,1145,818,6035,11284,10825,1045,469,1301,5784,9348,2306,1294,47,16,592,522,924,2246,2902,4943,298,125,36,10,1872,861,100,45072,40829,6897,5376,6546,91728,98274
2016,"Septiembre",44356,52871,4094,6998,919,972,188,920,3,3,153,296,276,447,1638,2651,666,2674,3520,4301,1020,807,5982,11219,10849,1054,479,1340,5843,9428,2317,1278,52,16,582,518,901,2275,2695,4706,283,126,39,9,1857,833,84,45164,39977,6769,5233,6005,91222,97227
2016,"Agosto",44356,52668,4081,6925,886,943,182,880,3,3,160,295,269,445,1647,2639,654,2621,3599,4397,1030,832,5995,11147,11093,1058,561,1674,5798,9409,2308,1273,46,15,594,549,875,2214,2374,4311,277,125,38,11,1886,902,93,45122,39613,7149,5047,5122,91902,97024
2016,"Julio",45055,52739,4107,7070,877,906,180,847,5,5,162,306,273,439,1657,2623,688,2622,3729,4496,1173,943,6160,11126,11246,1070,521,1585,5789,9376,2334,1271,46,13,599,543,887,2203,2380,4246,285,126,40,13,1917,910,105,45600,40212,6885,4992,5061,92733,97794
2016,"Junio",46282,53599,4319,7196,885,927,185,860,6,6,157,295,279,449,1645,2630,721,2742,3854,4590,1208,984,6361,11449,11461,1078,440,1239,6048,9688,2399,1285,44,12,635,554,892,2276,2440,4292,306,135,41,14,1956,898,100,46703,41568,6438,5072,5339,94542,99881
2016,"Mayo",47262,53869,4418,7181,901,884,186,866,5,8,163,305,284,458,1694,2702,771,2848,3737,4456,1342,1029,6516,11714,11727,1073,398,1153,6183,9721,2430,1304,47,13,657,549,928,2220,2547,4369,312,141,43,14,1973,861,99,46761,37949,6447,9875,5687,95444,101131
2016,"Abril",47957,53912,4572,7189,905,885,201,859,5,9,175,307,293,457,1705,2701,764,2869,3836,4537,1360,997,6515,11820,11985,1081,419,1161,6179,9584,2493,1331,47,13,690,561,950,2249,2501,4294,331,142,43,15,1988,851,95,46664,38387,6628,10095,5579,96290,101869
2016,"Marzo",48724,53468,4627,7151,926,901,206,815,4,10,176,300,284,456,1704,2714,771,2844,3919,4570,1387,929,6568,11861,12363,1090,439,1152,6211,9443,2578,1333,57,13,712,542,954,2163,2436,4168,337,138,44,15,2021,860,93,46392,38758,6701,10248,5490,96702,102192
2016,"Febrero",48846,53209,4691,7153,916,908,204,759,5,10,187,304,281,447,1722,2727,791,2898,3961,4640,1340,890,6603,11818,12478,1088,449,1151,6265,9437,2593,1339,56,12,701,532,936,2166,2243,3932,352,130,41,14,2031,854,89,46181,38773,6821,10191,5210,96845,102055
2016,"Enero",49494,53655,4726,7195,950,928,203,757,4,8,191,324,285,451,1792,2814,800,2960,4082,4701,1328,883,6608,11788,12708,1116,475,1213,6328,9558,2619,1337,56,14,737,553,946,2224,2208,3805,351,139,44,11,2053,876,78,46511,39198,7007,10355,5328,97821,103149
2015,"Diciembre",49638,53927,4670,7259,922,930,208,756,4,8,201,323,283,469,1774,2844,769,2882,4232,4823,1301,871,6577,11462,12774,1124,492,1298,6258,9602,2621,1350,55,14,792,583,957,2244,2344,4046,342,136,43,11,2019,892,84,46269,39650,7167,10395,5764,97801,103565
2015,"Noviembre",49223,54879,4685,7404,937,957,204,747,5,9,199,324,272,465,1795,2885,788,2995,4310,4998,1284,824,6600,11844,12503,1131,481,1291,6183,9674,2533,1361,51,14,781,581,940,2281,2274,4029,335,138,43,10,2020,917,94,46273,39780,7312,10643,5855,98247,104102
2015,"Octubre",48732,54267,4606,7341,935,947,207,734,4,10,200,322,282,470,1704,2782,772,2838,4172,4836,1231,815,6598,11955,12560,1136,486,1319,6115,9650,2562,1356,52,13,771,578,963,2272,2103,3838,345,133,46,9,2018,913,92,46007,39342,7170,10388,5432,97567,102999
2015,"Septiembre",47266,53202,4378,7181,882,963,199,722,5,8,180,314,283,466,1727,2772,741,2762,3826,4517,1117,815,6605,11799,12554,1124,503,1411,5921,9597,2520,1365,52,13,561,482,955,2242,1898,3642,310,123,43,11,2006,873,91,45381,38109,7109,9778,4787,95681,100468
2015,"Agosto",47706,53501,4392,7225,892,953,190,699,4,9,180,323,286,462,1770,2807,725,2717,3855,4548,1112,818,6642,11691,12703,1118,581,1769,5996,9580,2558,1391,59,13,534,501,944,2206,1852,3567,301,115,46,11,2084,978,90,45693,38186,7488,9750,4595,96612,101207
2015,"Julio",48303,53660,4463,7268,887,934,180,693,2,7,180,328,291,461,1760,2802,758,2714,3916,4597,1159,843,6677,11702,12903,1114,552,1653,6064,9729,2581,1388,60,10,554,491,947,2222,1857,3577,308,123,51,12,2153,992,95,46307,38561,7230,9770,4696,97267,101963
2015,"Junio",46282,54266,4585,7407,926,936,185,706,4,5,187,332,296,456,1824,2841,776,2761,3898,4510,1261,988,6795,11882,12976,1145,476,1326,6397,10105,2625,1424,63,10,559,486,967,2238,1902,3552,317,128,51,13,2238,1015,88,47383,39306,6763,10034,4710,98864,103574
2015,"Mayo",50220,54528,4627,7407,950,902,194,699,4,5,180,335,308,456,1877,2901,755,2799,3956,4494,1364,1021,6941,12035,13181,1183,429,1178,6629,10215,2633,1443,62,10,582,483,971,2210,1983,3700,328,123,58,13,2208,916,86,48057,39685,6746,10174,5046,99702,104748
2015,"Abril",50827,54408,4733,7453,955,920,203,689,4,5,181,338,302,458,1918,2883,759,2811,3797,4352,1384,1027,6967,12092,13595,1190,428,1187,6617,10062,2653,1448,70,11,583,513,986,2198,2022,3700,342,129,56,12,2272,930,89,48312,39811,6812,10211,5229,100006,105235
2015,"Marzo",52450,54651,4848,7499,982,927,208,677,4,6,182,339,306,445,1863,2855,779,2916,3671,4259,1444,1027,7209,12177,14453,1217,446,1235,6663,9890,2769,1446,72,9,603,511,1006,2167,2223,3951,361,129,53,12,2305,957,96,48889,40554,7064,10498,5747,101354,107101
2015,"Febrero",52984,54754,4837,7500,980,932,205,644,5,6,181,345,303,433,1867,2894,799,2997,3772,4294,1354,944,7275,12065,14780,1241,449,1240,6640,9909,2813,1441,65,11,592,502,1004,2208,2336,4050,359,131,54,11,2314,956,95,49000,40890,7142,10611,6190,101548,107738
2015,"Enero",53523,54850,4855,7517,952,950,195,617,5,8,182,337,306,433,1888,2867,815,2977,3844,4326,1349,934,7273,11927,14960,1239,484,1279,6682,9966,2810,1441,65,9,612,509,998,2212,2472,4181,364,134,55,10,2357,977,89,49169,41426,7170,10519,6521,101852,108373
2014,"Diciembre",53788,54972,4786,7489,931,946,202,605,4,7,175,343,309,453,1910,2883,833,2962,3976,4394,1311,944,7263,11563,15076,1285,505,1336,6496,9902,2829,1448,68,11,630,556,983,2228,2693,4450,366,144,57,10,2385,1013,90,48728,41770,7360,10812,7006,101754,108760
2014,"Noviembre",54250,56788,4891,7727,991,1007,202,584,4,8,178,350,299,465,1939,2952,844,3071,4097,4645,1259,959,7393,12166,14979,1315,490,1360,6539,10085,2816,1479,71,9,649,550,1021,2272,2759,4597,365,149,59,9,2405,1029,86,49396,42665,7713,11178,7560,103478,111038
2014,"Octubre",54542,56979,4829,7746,993,1042,201,580,5,12,176,367,293,467,1937,2940,815,3008,4148,4689,1291,948,7416,12266,15222,1339,492,1410,6575,10102,2847,1480,72,8,672,560,1021,2265,2745,4596,365,151,56,9,2371,994,91,49715,42746,7822,11147,7628,103893,111521
2014,"Septiembre",55002,57304,4851,7797,989,1063,199,551,5,10,187,371,298,474,1996,3047,807,2936,4148,4660,1089,926,7367,12258,15677,1378,532,1537,6535,10137,2902,1490,75,9,675,585,1036,2304,2799,4611,333,140,60,10,2442,1010,93,50249,42736,8096,11132,7698,104608,112306
2014,"Agosto",54937,56898,4750,7681,966,1034,187,538,4,9,194,361,290,463,1987,3052,768,2917,4211,4712,1062,893,7394,12131,15883,1371,573,1763,6430,10003,2968,1489,74,8,681,569,987,2228,2674,4435,327,141,58,14,2469,1086,93,51208,42882,7358,10819,7328,104507,112360
2014,"Julio",55131,57285,4768,7878,943,1040,186,543,4,10,191,352,289,472,1978,3039,790,2974,4333,4823,1091,949,7346,12028,15982,1397,557,1716,6469,10110,2966,1478,83,8,690,564,996,2234,2606,4414,321,145,59,13,2483,1098,97,50911,42767,7815,10826,7261,105155,112416
2014,"Junio",55194,57166,4841,7855,966,1019,182,531,4,10,193,362,291,485,2023,3028,789,3002,3914,4588,1198,1029,7450,12272,16175,1379,489,1453,6593,10325,2952,1493,87,8,700,557,949,2240,2442,4277,345,153,64,13,2547,1090,93,51208,42882,7358,10819,7003,105357,112360
2014,"Mayo",56419,57606,4979,7925,988,1021,178,531,6,9,208,357,297,475,2079,3060,808,3081,3988,4664,1269,1056,7658,12437,16486,1413,481,1343,6710,10313,3060,1488,82,10,734,564,964,2266,2466,4404,354,148,64,14,2560,1027,99,51874,43531,7542,10979,7311,106714,114025
2014,"Abril",57361,57476,5054,7926,1020,1019,184,525,3,8,213,360,299,466,2116,3119,817,3144,4088,4749,1254,1043,7710,12494,17113,1452,494,1357,6614,9971,3117,1493,87,8,734,593,977,2245,2469,4339,375,150,64,14,2559,1001,98,52176,43812,7724,11027,7327,107510,114837
2014,"Marzo",57906,57539,5121,7870,1026,1035,187,514,4,7,208,363,298,462,2126,3170,827,3204,4104,4764,1264,1023,7716,12601,17496,1476,510,1355,6654,9752,3142,1522,81,8,707,592,984,2274,2413,4343,374,156,60,13,2604,1035,94,52365,43962,7833,11191,7338,108107,115445
2014,"Febrero",57667,56579,5116,7792,1005,985,190,495,4,7,202,357,301,459,2112,3073,861,3205,3932,4578,1238,963,7664,12443,17636,1466,508,1367,6563,9641,3165,1519,83,8,706,582,981,2263,2360,4194,374,157,59,12,2607,1013,92,51851,43344,7858,11101,7218,107028,114246
2014,"Enero",58134,56797,5144,7862,1049,995,192,480,5,7,207,369,305,469,2125,3109,872,3220,3817,4513,1239,947,7747,12427,17884,1491,510,1390,6576,9717,3238,1530,86,8,714,581,990,2320,2354,4166,379,155,61,13,2640,1028,100,52080,43623,7911,11217,7379,107552,114931
2013,"Diciembre",58265,56097,5039,7734,1018,994,198,467,7,7,206,365,307,474,2147,3146,842,3115,3925,4658,1229,985,7639,11901,18266,1519,516,1391,6417,9610,3270,1516,90,8,690,560,997,2264,2387,4211,379,130,63,10,2633,1032,95,52075,43491,7663,11038,7378,106984,114362
2013,"Noviembre",59505,59148,5261,8200,1052,1065,207,477,5,8,195,369,316,488,2195,3272,896,3354,4020,4831,1207,1030,7928,12792,18275,1578,552,1460,6588,9951,3307,1551,89,9,704,594,1030,2388,2551,4536,385,132,65,10,2677,1053,90,52954,45284,8380,11945,8280,110373,118653
2013,"Octubre",59421,59378,5221,8217,1037,1087,196,455,4,7,197,360,317,492,2237,3267,859,3272,3964,4811,1166,993,7968,13045,18452,1553,562,1516,6497,10044,3375,1575,94,9,711,606,1027,2431,2423,4453,379,133,64,10,2671,1042,89,53258,45274,8381,11797,8302,110497,118799
2013,"Septiembre",59299,59131,5157,8072,1003,1135,192,436,3,6,178,331,314,510,2297,3319,821,3127,3892,4760,990,972,7915,12953,18740,1566,583,1672,6547,10007,3352,1576,94,9,688,639,1030,2458,2394,4401,362,131,64,9,2683,1042,86,53330,44877,8589,11548,8211,110219,118430
2013,"Agosto",59956,59559,5147,8200,984,1117,174,415,3,7,177,309,313,516,2338,3368,793,3088,3997,4879,1018,1017,7903,12884,19416,1611,660,1910,6429,10027,3368,1591,93,9,716,644,1006,2432,2256,4270,357,126,65,8,2743,1131,86,53873,45070,8923,11563,7924,111591,119515
2013,"Julio",60689,60102,5191,8352,974,1066,165,409,3,5,177,297,317,535,2367,3410,815,3116,4131,5019,1128,1135,7947,12932,19752,1631,624,1802,6423,10196,3404,1607,91,6,732,636,999,2455,2239,4197,348,128,67,11,2795,1157,90,54867,45659,8634,11541,8062,112729,120791
2013,"Junio",61391,60569,5280,8474,989,1050,163,393,4,5,211,307,316,533,2389,3421,891,3316,4117,5090,1195,1198,7993,13151,19929,1618,557,1534,6684,10376,3410,1627,91,7,736,647,992,2438,2138,4077,355,125,63,8,2888,1174,95,55657,46230,8239,11739,8149,113811,121960
2013,"Mayo",62180,61028,5340,8508,1004,1031,166,379,5,6,234,312,311,537,2412,3465,928,3516,4178,5146,1197,1161,8041,13262,20236,1646,539,1436,6790,10459,3448,1664,94,7,745,631,991,2454,2205,4167,368,139,62,8,2886,1094,95,56148,46660,8511,11794,8590,114618,123208
2013,"Abril",62276,60673,5253,8328,1012,1024,178,360,5,8,254,328,311,522,2423,3474,932,3571,4231,5246,1140,1153,8005,13199,20426,1646,553,1455,6800,10204,3428,1663,89,7,748,633,999,2469,2226,4173,373,141,61,9,2829,1060,98,56010,46485,8579,11777,8716,114233,122949
2013,"Marzo",62007,59492,5203,8154,1008,1024,180,328,4,7,265,330,313,521,2425,3489,920,3581,4046,5046,1134,1105,7996,13016,20653,1636,556,1466,6669,9821,3440,1664,91,6,721,587,982,2382,2154,4098,375,140,64,13,2808,1078,94,55506,45912,8464,11523,8639,112860,121499
2013,"Febrero",62083,59505,5274,8302,1006,1041,180,304,4,10,271,332,317,519,2460,3489,935,3609,4059,5121,1108,1062,7949,12872,20724,1633,553,1484,6685,9855,3431,1651,90,6,715,591,978,2360,2090,4056,383,136,64,13,2807,1059,100,55694,45685,8611,11498,8671,112917,121588
2013,"Enero",61582,58914,5241,8251,996,1045,167,278,4,8,263,342,313,518,2457,3491,892,3523,3985,5028,1097,1059,7861,12711,20680,1605,561,1477,6521,9850,3421,1648,89,9,751,583,956,2298,2053,3986,390,140,65,13,2819,1051,102,55605,45156,8367,11266,8477,112019,120496
2012,"Diciembre",61173,58034,5149,8101,1004,1028,164,259,4,7,263,346,304,527,2476,3481,831,3286,3985,4952,1114,1064,7624,12312,20804,1623,554,1511,6379,9813,3402,1632,94,9,752,590,943,2224,2115,4056,407,143,66,12,2739,1058,102,55086,44757,8111,11151,8562,110645,119207
2012,"Noviembre",61458,59346,5285,8247,989,1057,161,255,4,6,260,347,302,531,2516,3520,887,3436,3951,4911,1051,1089,7768,12822,20650,1648,557,1517,6459,10012,3407,1650,97,9,745,594,969,2331,2189,4155,413,138,68,12,2730,1059,99,55297,45408,8361,11639,9153,111651,120804
2012,"Octubre",60952,58969,5112,8064,968,1057,149,244,3,6,263,333,292,540,2533,3557,840,3268,3985,4931,993,1065,7713,12921,20867,1636,555,1546,6342,10002,3395,1628,95,9,650,570,932,2319,2173,4135,400,134,70,14,2622,990,92,54949,45042,8335,11503,9195,110726,119921
2012,"Septiembre",60991,59186,5042,8002,969,1064,140,243,2,6,271,341,292,555,2547,3613,818,3229,4018,5015,862,1037,7590,12760,21348,1656,596,1744,6251,10126,3382,1632,98,12,625,571,930,2334,2163,4076,363,139,71,15,2613,1016,100,55178,45024,8521,11354,8926,111251,120177
2012,"Agosto",61070,59274,4987,8129,913,1012,130,239,2,6,282,351,301,551,2589,3629,800,3066,4086,5125,880,1131,7499,12541,21640,1652,625,1932,6149,10100,3427,1620,98,11,600,581,929,2358,2108,4002,369,132,74,15,2582,1091,106,55297,44956,8756,11229,8753,111591,120344
2012,"Julio",61248,59728,4967,8236,888,955,120,247,2,5,268,339,303,557,2654,3689,808,3127,4196,5313,945,1207,7479,12520,21691,1669,599,1866,6106,10175,3424,1639,96,14,570,561,929,2316,2120,4013,365,135,76,14,2642,1131,112,55592,45259,8683,11330,8810,112166,120976
2012,"Junio",61318,59601,5040,8283,878,953,118,249,3,6,270,351,308,559,2697,3688,825,3257,4053,5148,966,1226,7478,12653,21795,1666,549,1585,6220,10257,3422,1654,94,12,570,541,905,2312,2076,3917,371,130,84,20,2596,1134,103,55679,45600,8106,11431,8904,112015,120919
2012,"Mayo",61898,60008,5076,8179,849,927,123,248,4,7,266,353,296,573,2793,3737,875,3446,4145,5241,995,1261,7495,12840,21982,1670,529,1476,6310,10297,3418,1662,80,10,545,534,910,2307,2197,4051,385,124,87,20,2538,1045,107,55981,45842,8369,11607,9583,112323,121906
2012,"Abril",61143,58966,5003,8081,817,932,120,258,4,7,262,358,305,576,2788,3776,887,3471,3913,5114,1012,1245,7433,12663,22080,1677,525,1459,5972,9851,3420,1666,81,9,537,515,876,2268,2191,3892,385,120,92,20,2440,1008,113,55065,45302,8235,11394,9466,110643,120109
2012,"Marzo",60643,57787,4913,7895,829,934,121,257,4,7,264,353,302,570,2789,3755,861,3348,3920,5088,982,1193,7348,12541,22150,1652,503,1443,5843,9532,3438,1629,75,10,521,511,812,2152,2118,3795,370,120,94,21,2386,981,115,54553,44545,8030,11187,9351,109079,118430
2012,"Febrero",59859,56612,4765,7792,791,897,118,248,4,6,262,352,307,577,2750,3742,841,3259,3901,5038,970,1131,7204,12330,22219,1630,491,1415,5697,9364,3408,1606,77,10,510,499,779,2065,2003,3566,364,129,95,22,2303,934,116,53999,43626,7856,10874,8978,107493,116471
2012,"Enero",58916,55674,4655,7702,747,858,119,242,5,7,258,344,297,582,2731,3700,802,3214,3886,5080,960,1127,7081,12009,22105,1626,473,1398,5529,9194,3313,1608,71,9,486,486,755,2033,1947,3367,356,130,95,23,2245,935,111,53526,42782,7651,10520,8673,105917,114590
2011,"Diciembre",57295,53842,4367,7427,718,829,119,242,3,6,258,334,303,585,2708,3643,703,2756,3739,4882,956,1129,6767,11547,21763,1611,463,1390,5310,9050,3244,1597,76,11,461,486,746,1935,1959,3298,353,123,94,23,2185,938,118,52887,41274,7094,9764,8529,102608,111137
2011,"Noviembre",57186,54606,4387,7529,740,856,116,242,4,6,263,337,301,598,2728,3707,739,2809,3638,4848,939,1130,6774,11838,21695,1643,440,1378,5266,9053,3215,1632,73,12,440,471,741,1986,2047,3418,349,123,95,22,2196,968,114,52891,41673,7176,9937,9082,102710,111792
2011,"Octubre",55316,53141,4234,7321,720,857,101,245,3,6,260,338,297,599,2661,3608,712,2666,2690,3970,884,1127,6723,12006,21424,1655,460,1369,5173,8909,3191,1639,70,12,419,468,726,1971,2000,3322,319,117,87,23,2162,913,117,51649,40153,6983,9554,8858,99599,108457
2011,"Septiembre",54391,52363,4066,7132,702,845,99,241,4,5,249,332,304,610,2614,3612,640,2485,2546,3903,759,1048,6685,11862,21336,1627,457,1441,5130,8929,3175,1631,68,11,413,449,705,1979,1913,3177,303,106,88,24,2135,914,118,51314,39276,6885,9160,8534,98220,106754
2011,"Agosto",54036,53078,3996,7300,701,858,100,244,2,6,239,342,305,617,2616,3647,664,2548,2523,4036,750,1045,6716,11879,21178,1676,503,1719,5026,8883,3221,1667,68,9,412,448,690,2021,1755,3020,296,102,92,23,2183,988,109,51350,39077,7341,9237,8311,98803,107114
2011,"Julio",54104,53319,4072,7427,712,842,101,242,2,6,242,341,320,612,2584,3622,662,2584,2543,4060,801,1170,6653,11895,21180,1701,493,1660,5042,9022,3201,1656,73,9,415,447,685,2009,1708,2863,310,98,93,24,2212,1029,107,51854,39159,7137,9166,8429,98994,107423
2011,"Junio",54092,52466,4126,7280,685,833,106,251,2,7,209,343,320,630,2575,3495,672,2593,2501,3966,796,1165,6690,11891,21229,1746,452,1378,5220,9163,3211,1634,68,8,409,436,674,1984,1522,2512,311,99,91,22,2223,1030,108,51942,38895,6591,9022,8069,98489,106558
2011,"Mayo",53492,52569,4084,7129,660,798,100,237,1,7,180,329,327,606,2555,3398,690,2635,2283,3701,790,1139,6662,11909,20811,1733,442,1289,5332,9223,3198,1622,68,8,372,423,680,1983,1667,3293,315,105,88,22,2187,980,114,52497,38351,6241,8858,8473,97588,106061
2011,"Abril",54341,52709,4174,7069,658,790,100,232,3,6,155,327,339,599,2537,3336,691,2609,2338,3724,806,1128,6670,11842,21384,1719,453,1300,5304,8901,3226,1614,69,8,367,416,678,1956,1825,4043,325,97,83,19,2156,974,122,53042,38706,6275,8905,8684,98366,107050
2011,"Marzo",55535,52987,4300,7086,704,806,101,231,3,5,147,322,350,604,2550,3321,723,2685,2380,3806,797,1094,6791,11828,21833,1733,467,1307,5396,8903,3253,1582,66,8,373,412,690,1953,1985,4203,342,99,86,20,2198,979,119,53853,38965,6574,9011,8801,99721,108522
2011,"Febrero",55610,52739,4298,7151,702,802,104,227,3,4,147,319,345,610,2531,3315,730,2726,2376,3839,805,1080,6756,11647,22067,1712,442,1311,5331,8894,3250,1580,71,10,366,414,677,1910,1947,4110,345,97,85,20,2232,961,116,53880,38716,6594,9043,8728,99621,108349
2011,"Enero",55125,51594,4233,7007,693,803,98,215,4,4,141,310,337,604,2659,3227,665,2581,2297,3690,792,1029,6629,11404,21933,1653,439,1269,5319,8914,3267,1549,73,9,356,388,655,1874,1914,3987,336,100,87,21,2198,956,116,53880,38084,6077,8562,8458,98261,106719
2010,"Diciembre",54125,50680,4154,6923,677,799,90,213,4,2,147,306,351,623,2392,3134,653,2388,2235,3552,795,1030,6547,11122,21639,1641,427,1290,5268,8909,3200,1522,68,9,330,362,656,1801,1875,3989,333,101,85,19,2199,945,120,53357,37354,5798,8176,8542,96263,104805
2010,"Noviembre",54673,51929,4259,7125,682,823,93,215,4,2,138,310,358,625,2418,3206,666,2472,2381,3750,765,1006,6671,11545,21729,1675,425,1264,5439,9099,3212,1563,65,8,348,371,678,1870,1760,3913,326,110,84,17,2172,960,125,53831,38176,6024,8446,8923,97679,106602
2010,"Octubre",55402,52888,4308,7203,703,855,98,213,3,2,136,304,361,655,2413,3249,679,2497,2469,3961,729,1005,6761,11801,22232,1720,430,1382,5514,9288,3206,1617,71,7,349,392,679,1937,1690,3769,307,106,78,15,2186,910,124,54308,38921,6315,8622,9194,99096,108290
2010,"Septiembre",54995,52945,4249,7160,710,869,97,220,3,3,142,316,365,652,2369,3243,647,2441,2415,3920,623,958,6709,11786,22226,1714,456,1523,5484,9420,3138,1631,74,7,362,390,684,1946,1638,3716,315,106,74,14,2215,910,121,54206,38542,6534,8537,9245,98695,107940
2010,"Agosto",53552,53446,4111,7295,687,850,92,207,1,4,116,314,336,644,2034,2997,624,2490,2418,3993,613,962,6344,11535,21849,1697,452,1677,5122,8959,2930,1527,74,8,355,403,633,1883,2326,4966,289,92,32,6,2114,937,126,50730,40365,6799,8978,10749,96249,106998
2010,"Julio",53764,53733,4138,7407,670,847,101,216,0,3,111,310,347,643,2007,2971,636,2473,2462,4100,628,966,6307,11586,22004,1699,439,1626,5203,9124,2931,1495,77,8,350,405,637,1902,2277,4872,296,90,32,6,2111,984,126,51279,40468,6641,8983,10834,96663,107497
2010,"Junio",55039,54013,4248,7409,669,838,101,220,0,3,113,312,351,643,2061,3003,659,2507,2536,4079,650,996,6402,11774,22622,1716,411,1277,5431,9486,2986,1521,80,9,331,396,644,1948,2252,4792,308,94,33,5,2151,985,131,52812,40981,6021,9107,11119,97933,109052
2010,"Mayo",55248,53692,4234,7246,647,814,101,204,0,3,117,317,353,647,2108,2963,664,2579,2521,4009,706,1025,6433,11677,22590,1718,404,1157,5576,9558,2988,1505,78,9,326,402,650,1908,2269,4875,310,100,32,5,2141,971,128,53390,40419,5969,9034,11673,97267,108940
2010,"Abril",55705,53049,4261,7131,663,783,97,205,1,3,126,306,358,628,2097,2967,661,2609,2536,3979,695,1006,6479,11494,22913,1736,404,1164,5577,9402,2996,1496,76,8,321,381,651,1869,2279,4832,325,92,34,5,2155,953,126,53602,40040,5934,9052,11740,97014,108754
2010,"Marzo",55222,51952,4202,6969,671,769,101,206,0,4,126,305,358,626,2089,2916,653,2588,2540,3913,704,958,6425,11292,22801,1710,415,1156,5464,9085,2958,1489,68,9,307,372,643,1827,2243,4725,319,88,33,5,2102,940,125,53232,39220,5838,8759,11563,95611,107174
2010,"Febrero",54514,50650,4120,6749,646,745,102,202,0,4,129,306,360,625,2003,2832,624,2514,2551,3913,684,917,6375,10991,22538,1626,405,1127,5465,8984,2954,1462,70,8,302,358,625,1809,2119,4463,316,86,32,5,2094,924,126,53222,37826,5593,8397,11088,94076,105164
2010,"Enero",53770,49789,4000,6636,623,730,102,203,0,4,132,286,345,621,1973,2771,604,2421,2507,3857,669,905,6242,10702,22301,1600,393,1148,5421,8920,2943,1422,67,8,315,360,623,1793,2075,4416,329,86,34,4,2072,896,120,53345,36617,5403,8074,10819,92740,103559
2009,"Diciembre",53242,48725,3856,6522,610,727,102,199,0,4,126,277,348,609,1958,2735,558,2111,2395,3644,681,922,6163,10356,22155,1591,391,1096,5349,8866,2900,1399,68,9,330,373,624,1696,2200,4599,319,85,32,4,2077,901,120,53565,35710,4965,7607,11061,90906,101967
2009,"Noviembre",52702,49356,3867,6615,627,722,97,197,0,4,125,274,360,618,1981,2764,561,2118,2376,3549,609,847,6208,10668,21458,1601,349,1053,5419,8959,2889,1399,70,9,337,367,622,1710,2354,4885,301,80,29,4,2063,913,122,53832,35446,4944,7714,11714,90344,102058
2009,"Octubre",52188,49488,3842,6566,629,746,92,192,0,4,130,281,339,619,2023,2800,543,2075,2341,3595,573,817,6185,10778,21081,1608,348,1041,5398,8961,2859,1420,69,10,334,364,625,1703,2415,4911,273,83,35,4,2054,910,127,53745,34837,5261,7706,11879,89797,101676
2009,"Septiembre",51592,49909,3802,6594,626,737,87,195,0,2,134,271,332,638,2008,2811,507,2072,2350,3719,475,805,6160,10904,20843,1609,388,1221,5373,9040,2819,1425,71,10,345,368,625,1705,2270,4799,275,79,30,5,2072,900,133,53275,34811,5508,7774,11722,89779,101501
2009,"Agosto",50905,49678,3619,6832,626,721,88,188,0,3,127,259,324,621,1938,2774,506,2093,2397,3805,470,779,6042,10766,20923,1636,401,1352,5186,8856,2757,1388,68,12,329,361,607,1692,2090,4486,273,83,28,5,2106,966,136,52785,34565,5301,7796,11307,89276,100583
2009,"Julio",50958,49198,3682,6797,586,693,94,193,0,2,121,257,328,621,1938,2683,498,2099,2421,3857,468,753,6007,10672,21043,1645,391,1290,5243,8871,2786,1371,73,12,315,357,605,1669,1957,4289,265,91,25,5,2112,971,138,52810,34574,4947,7687,11328,88828,100156
2009,"Junio",51325,49037,3769,6653,565,701,94,189,1,3,124,267,334,646,1881,2637,504,2146,2297,3809,502,773,6014,10839,21401,1658,375,942,5365,9142,2845,1384,75,12,299,350,595,1644,1874,4192,279,93,27,6,2105,951,134,53145,34740,4668,7675,11504,88858,100362
2009,"Mayo",51613,48667,3805,6547,567,682,95,185,1,3,121,267,334,641,1863,2583,505,2143,2107,3611,605,856,6044,10881,21790,1656,349,876,5455,9206,2848,1370,70,11,294,345,583,1631,1825,4183,278,93,23,6,2051,891,129,53028,34861,4600,7662,11911,88369,100280
2009,"Abril",51136,47472,3852,6474,579,674,89,174,1,3,123,271,320,617,1822,2528,514,2177,2097,3572,618,833,5920,10660,21967,1619,355,865,5136,8703,2794,1347,76,11,276,339,561,1620,1739,4056,284,89,24,6,1989,834,129,51856,34488,4544,7591,11895,86713,98608
2009,"Marzo",49917,45545,3851,6224,603,651,90,160,0,4,125,264,312,607,1715,2420,508,2152,2139,3570,606,770,5649,10176,21636,1560,348,843,4992,8279,2636,1303,73,9,257,318,557,1551,1595,3795,299,88,17,5,1909,796,129,50532,33057,4502,7242,11479,83983,95462
,,,,,,,,,,,,,,,,,,,,,,,,,,,,,,,,,,,,,,,,,,,,,,,,,,,,,,,
,,5296136,5350257,445477,728357,82601,89025,14886,44182,322,582,18283,31499,30282,52252,208953,302478,72652,277792,336634,434386,98456,96431,674921,1162003,1770949,143131,46768,134045,584680,936132,290365,145585,7055,995,53527,48699,83096,208072,218075,406942,32779,11815,5564,1208,222837,,,,,,,796313,9853106,
"Consistencia",,,,,,,,,,,,,,,,,,,,,,,,,,,,,,,,,,,,,,,,,,,,,,,,,,,,,,,
